renda_mensal,score_credito,tempo_emprego,valor_aprovado
6745.07123,646.308877,7.798711,38388.818716
5792.603548,695.470832,6.849267,28425.857749
6971.532807,530.071621,5.119261,27243.580957
8284.544785,628.148462,3.706126,34824.37313
5648.769938,567.467872,6.396447,28166.512044
